{
  "run_id": "2026-03-02_01.01.06",
  "source_epub": "SeaAndSmokeCUTDOWN.epub",
  "source_hash": "3d419982b11ed7c2503ba73deac8b6964c077c685dbd9ac199387b6a5504ed58",
  "llm_recipe_pipeline": "codex-farm-3pass-v1",
  "eval_mode": "canonical-text",
  "execution_mode": "legacy",
  "sequence_matcher": "dmp",
  "core_metrics": {
    "overall_line_accuracy": 0.2991596638655462,
    "macro_f1_excluding_other": 0.37225851906637974,
    "practical_precision": 0.37225851906637974,
    "practical_recall": 0.37225851906637974,
    "practical_f1": 0.37225851906637974,
    "worst_label_recall": {
      "gold_total": 212,
      "label": "INSTRUCTION_LINE",
      "recall": 0.10377358490566038
    }
  },
  "counts": {
    "gold_matched": 178,
    "gold_missed": 417,
    "gold_total": 595,
    "pred_false_positive": 417,
    "pred_matched": 178,
    "pred_total": 595
  },
  "alignment_summary": {
    "strategy": null,
    "coverage_ratio": null,
    "matched_pred_blocks": null,
    "total_pred_blocks": null
  },
  "label_metrics": {
    "HOWTO_SECTION": {
      "f1": 0.0,
      "false_positive_block_indices": [],
      "fn": 0,
      "fp": 0,
      "gold_matched": 0,
      "gold_total": 0,
      "missed_block_indices": [],
      "precision": 0.0,
      "pred_matched": 0,
      "pred_total": 0,
      "recall": 0.0,
      "tp": 0
    },
    "INGREDIENT_LINE": {
      "f1": 0.5,
      "false_positive_block_indices": [
        440,
        494,
        523
      ],
      "fn": 177,
      "fp": 3,
      "gold_matched": 90,
      "gold_total": 267,
      "missed_block_indices": [
        11,
        13,
        14,
        15,
        16,
        17,
        18,
        19,
        20,
        21,
        22,
        24,
        25,
        26,
        45,
        46,
        47,
        48,
        49,
        64,
        65,
        66,
        67,
        68,
        69,
        70,
        71,
        72,
        73,
        74,
        75,
        76,
        77,
        78,
        105,
        106,
        107,
        108,
        109,
        110,
        111,
        125,
        126,
        127,
        128,
        129,
        130,
        131,
        132,
        133,
        134,
        135,
        136,
        137,
        138,
        139,
        140,
        190,
        215,
        216,
        217,
        218,
        219,
        237,
        238,
        239,
        240,
        241,
        242,
        243,
        264,
        265,
        266,
        267,
        268,
        269,
        270,
        271,
        272,
        273,
        274,
        275,
        276,
        277,
        278,
        279,
        280,
        281,
        282,
        283,
        284,
        285,
        286,
        287,
        288,
        299,
        300,
        301,
        302,
        303,
        304,
        305,
        306,
        307,
        308,
        309,
        310,
        311,
        312,
        341,
        342,
        343,
        344,
        345,
        348,
        368,
        369,
        370,
        371,
        372,
        373,
        374,
        375,
        394,
        400,
        403,
        404,
        419,
        427,
        428,
        444,
        445,
        446,
        447,
        448,
        449,
        450,
        451,
        452,
        453,
        454,
        455,
        456,
        457,
        458,
        459,
        470,
        471,
        472,
        473,
        474,
        475,
        476,
        477,
        478,
        479,
        480,
        481,
        482,
        483,
        541,
        542,
        543,
        544,
        545,
        546,
        547,
        560,
        561,
        562,
        563,
        582,
        583,
        584,
        585,
        586,
        587
      ],
      "precision": 0.967741935483871,
      "pred_matched": 90,
      "pred_total": 93,
      "recall": 0.33707865168539325,
      "tp": 90
    },
    "INSTRUCTION_LINE": {
      "f1": 0.18032786885245902,
      "false_positive_block_indices": [
        11,
        12,
        264,
        298,
        403,
        404,
        441,
        442,
        444,
        470
      ],
      "fn": 190,
      "fp": 10,
      "gold_matched": 22,
      "gold_total": 212,
      "missed_block_indices": [
        28,
        29,
        34,
        36,
        37,
        38,
        50,
        51,
        52,
        53,
        54,
        55,
        56,
        57,
        79,
        80,
        81,
        82,
        83,
        84,
        85,
        86,
        87,
        88,
        112,
        113,
        114,
        115,
        141,
        142,
        143,
        144,
        145,
        146,
        147,
        148,
        149,
        150,
        151,
        152,
        153,
        154,
        155,
        156,
        157,
        158,
        159,
        170,
        171,
        172,
        173,
        174,
        175,
        176,
        177,
        178,
        191,
        192,
        193,
        194,
        195,
        196,
        197,
        198,
        199,
        200,
        220,
        221,
        222,
        223,
        224,
        225,
        226,
        227,
        244,
        245,
        246,
        247,
        248,
        249,
        250,
        251,
        252,
        253,
        254,
        255,
        289,
        290,
        291,
        292,
        313,
        314,
        315,
        316,
        317,
        318,
        319,
        346,
        347,
        348,
        349,
        350,
        351,
        352,
        353,
        354,
        355,
        356,
        357,
        358,
        376,
        377,
        378,
        379,
        380,
        381,
        382,
        383,
        405,
        406,
        407,
        408,
        409,
        410,
        411,
        412,
        413,
        414,
        415,
        417,
        418,
        429,
        430,
        431,
        432,
        433,
        434,
        435,
        436,
        437,
        460,
        461,
        462,
        463,
        464,
        465,
        466,
        484,
        485,
        486,
        487,
        488,
        489,
        490,
        491,
        492,
        501,
        503,
        504,
        505,
        506,
        507,
        508,
        523,
        525,
        530,
        536,
        537,
        538,
        548,
        549,
        550,
        551,
        552,
        564,
        565,
        566,
        567,
        568,
        569,
        570,
        571,
        572,
        573,
        574,
        588,
        589,
        590,
        591,
        594
      ],
      "precision": 0.6875,
      "pred_matched": 22,
      "pred_total": 32,
      "recall": 0.10377358490566038,
      "tp": 22
    },
    "KNOWLEDGE": {
      "f1": 0.014492753623188406,