{
  "run_id": "2026-03-02_01.35.23",
  "source_epub": "SeaAndSmokeCUTDOWN.epub",
  "source_hash": "3d419982b11ed7c2503ba73deac8b6964c077c685dbd9ac199387b6a5504ed58",
  "llm_recipe_pipeline": "off",
  "eval_mode": "canonical-text",
  "execution_mode": "legacy",
  "sequence_matcher": "dmp",
  "core_metrics": {
    "overall_line_accuracy": 0.3899159663865546,
    "macro_f1_excluding_other": 0.4110113671310329,
    "practical_precision": 0.4110113671310329,
    "practical_recall": 0.4110113671310329,
    "practical_f1": 0.4110113671310329,
    "worst_label_recall": {
      "gold_total": 9,
      "label": "KNOWLEDGE",
      "recall": 0.1111111111111111
    }
  },
  "counts": {
    "gold_matched": 232,
    "gold_missed": 363,
    "gold_total": 595,
    "pred_false_positive": 363,
    "pred_matched": 232,
    "pred_total": 595
  },
  "alignment_summary": {
    "strategy": null,
    "coverage_ratio": null,
    "matched_pred_blocks": null,
    "total_pred_blocks": null
  },
  "label_metrics": {
    "HOWTO_SECTION": {
      "f1": 0.0,
      "false_positive_block_indices": [],
      "fn": 0,
      "fp": 0,
      "gold_matched": 0,
      "gold_total": 0,
      "missed_block_indices": [],
      "precision": 0.0,
      "pred_matched": 0,
      "pred_total": 0,
      "recall": 0.0,
      "tp": 0
    },
    "INGREDIENT_LINE": {
      "f1": 0.5390835579514824,
      "false_positive_block_indices": [
        429,
        440,
        494,
        523
      ],
      "fn": 167,
      "fp": 4,
      "gold_matched": 100,
      "gold_total": 267,
      "missed_block_indices": [
        11,
        13,
        14,
        15,
        16,
        17,
        18,
        19,
        20,
        21,
        22,
        24,
        25,
        26,
        45,
        46,
        47,
        48,
        49,
        64,
        65,
        66,
        67,
        68,
        69,
        70,
        71,
        72,
        73,
        74,
        75,
        76,
        77,
        78,
        105,
        106,
        107,
        108,
        109,
        110,
        111,
        125,
        126,
        127,
        128,
        129,
        130,
        131,
        132,
        133,
        134,
        135,
        136,
        137,
        138,
        139,
        140,
        216,
        217,
        218,
        219,
        237,
        238,
        239,
        240,
        241,
        242,
        243,
        264,
        265,
        266,
        267,
        268,
        269,
        270,
        271,
        272,
        273,
        274,
        275,
        276,
        277,
        278,
        279,
        280,
        281,
        282,
        283,
        284,
        285,
        286,
        287,
        288,
        299,
        300,
        301,
        302,
        303,
        304,
        305,
        306,
        307,
        308,
        309,
        310,
        311,
        312,
        348,
        368,
        369,
        370,
        371,
        372,
        373,
        374,
        375,
        394,
        403,
        404,
        419,
        444,
        445,
        446,
        447,
        448,
        449,
        450,
        451,
        452,
        453,
        454,
        455,
        456,
        457,
        458,
        459,
        470,
        471,
        472,
        473,
        474,
        475,
        476,
        477,
        478,
        479,
        480,
        481,
        482,
        483,
        541,
        542,
        543,
        544,
        545,
        546,
        547,
        560,
        561,
        562,
        563,
        582,
        583,
        584,
        585,
        586,
        587
      ],
      "precision": 0.9615384615384616,
      "pred_matched": 100,
      "pred_total": 104,
      "recall": 0.37453183520599254,
      "tp": 100
    },
    "INSTRUCTION_LINE": {
      "f1": 0.4379084967320261,
      "false_positive_block_indices": [
        11,
        12,
        39,
        41,
        42,
        43,
        45,
        58,
        60,
        61,
        62,
        64,
        216,
        264,
        298,
        403,
        404,
        441,
        442,
        444,
        470,
        482,
        509,
        511,
        512,
        513,
        514
      ],
      "fn": 145,
      "fp": 27,
      "gold_matched": 67,
      "gold_total": 212,
      "missed_block_indices": [
        28,
        29,
        34,
        36,
        37,
        38,
        50,
        53,
        54,
        56,
        79,
        80,
        81,
        82,
        83,
        84,
        85,
        86,
        87,
        88,
        112,
        113,
        114,
        115,
        141,
        142,
        143,
        144,
        145,
        146,
        147,
        148,
        149,
        150,
        151,
        152,
        153,
        154,
        155,
        156,
        157,
        158,
        159,
        171,
        172,
        175,
        176,
        194,
        195,
        198,
        200,
        220,
        221,
        223,
        224,
        226,
        244,
        245,
        246,
        247,
        248,
        249,
        250,
        251,
        252,
        253,
        254,
        255,
        289,
        290,
        291,
        313,
        314,
        315,
        316,
        317,
        318,
        319,
        349,
        351,
        355,
        376,
        377,
        378,
        379,
        380,
        381,
        382,
        383,
        405,
        407,
        411,
        413,
        415,
        417,
        418,
        429,
        430,
        431,
        432,
        433,
        434,
        435,
        460,
        461,
        462,
        463,
        464,
        465,
        466,
        484,
        485,
        486,
        488,
        489,
        491,
        501,
        503,
        506,
        523,
        525,
        530,
        548,
        549,
        550,
        551,
        552,
        564,
        565,
        566,
        567,
        568,
        569,
        570,
        571,
        572,
        573,
        574,
        588,
        589,
        590,
        591,
        592,
        593,
        594
      ],
      "precision": 0.7127659574468085,
      "pred_matched": 67,
      "pred_total": 94,
      "recall": 0.3160377358490566,
      "tp": 67
    },
    "KNOWLEDGE": {
      "f1": 0.011049723756906077,